#Continent data
INSERT INTO Continent VALUES("North America", 579000000, 9540000);
INSERT INTO Continent VALUES("South America", 422500000, 6888000);
INSERT INTO Continent VALUES("Europe", 741400000, 3931000);
INSERT INTO Continent VALUES("Asia", 4463000000, 17210000);
INSERT INTO Continent VALUES("Africa", 1216000000, 11730000);
INSERT INTO Continent VALUES("Oceania", 40117432, 3292000);
INSERT INTO Continent VALUES("Antarctica", 1106, 5405000);

#Country data
INSERT INTO Country VALUES("United States", 325700000, 3797000, 1776, "North America");
INSERT INTO Country VALUES("Canada", 60590000, 3855000, 1867, "North America");
INSERT INTO Country VALUES("Italy", 60590000, 116347, 1946, "Europe");
INSERT INTO Country VALUES("Spain", 46570000, 195364, 1469, "Europe");
INSERT INTO Country VALUES("Morocco", 35740000, 172414, 1956, "Africa");
INSERT INTO Country VALUES("Denmark", 5770000, 857500, 1523, "Europe");
INSERT INTO Country VALUES("Hungary", 9781000, 35919, 1895, "Europe");
INSERT INTO Country VALUES("Austria", 8773000, 32386, 1804, "Europe");
INSERT INTO Country VALUES("Czech Republic", 10580000, 30450, 1993, "Europe");
INSERT INTO Country VALUES("Germany", 82790000, 137988, 1990, "Europe");
INSERT INTO Country VALUES("Ireland", 4784000, 27133, 1937, "Europe");
INSERT INTO Country VALUES("United Kingdom", 66020000, 1922, 93628, "Europe");
INSERT INTO Country VALUES("Greece", 10770000, 50949, 1821, "Europe");
INSERT INTO Country VALUES("France", 67120000, 248573, 1789, "Europe");
INSERT INTO Country VALUES("Belgium", 11350000, 11787, 1830, "Europe");
INSERT INTO Country VALUES("Netherlands", 17080000, 16412, 1581, "Europe");

#City data
INSERT INTO City VALUES("Boston", 685094, 89, False, False, "United States");
INSERT INTO City VALUES("New York", 8623000, 303, False, True, "United States");
INSERT INTO City VALUES("Philadelphia", 1581000, 142, False, False, "United States");
INSERT INTO City VALUES("Washington, D.C.", 693972, 68, True, False, "United States");
INSERT INTO City VALUES("Rome", 2873000, 496, True, True, "Italy");
INSERT INTO City VALUES("Montreal", 1705000, 167, False, False, "Canada");
INSERT INTO City VALUES("Madrid", 3166000, 233, True, True, "Spain");
INSERT INTO City VALUES("Copenhagen", 602481, 34, True, True, "Denmark");
INSERT INTO City VALUES("Budapest", 1756000, 209, True, True, "Hungary");
INSERT INTO City VALUES("Vienna", 1868000, 160, True, True, "Austria");
INSERT INTO City VALUES("Prague", 1281000, 192, True, True, "Czech Republic");
INSERT INTO City VALUES("Munich", 1450000, 120, False, False, "Germany");
INSERT INTO City VALUES("Dublin", 527612, 44, True, True, "Ireland");
INSERT INTO City VALUES("Valencia", 790201, 52, False, False, "Spain");
INSERT INTO City VALUES("Barcelona", 1609000, 39, False, False, "Spain");
INSERT INTO City VALUES("London", 8136000, 607, True, True, "United Kingdom");
INSERT INTO City VALUES("Edinburgh", 482005, 102, False, False, "United Kingdom");
INSERT INTO City VALUES("Paris", 2200000, 41, True, True, "France");
INSERT INTO City VALUES("Brussels", 1199000, 62, True, False, "Belgium");
INSERT INTO City VALUES("Amsterdam", 821752, 85, True, True, "Netherlands");
INSERT INTO City VALUES("Los Angeles", 4000000, 503, False, False, "United States");
INSERT INTO City VALUES("San Diego", 1420000, 372, False, False, "United States");
INSERT INTO City VALUES("St. Louis", 308626, 66, False, False, "United States");
INSERT INTO City VALUES("Denver", 704621, 155, False, False, "United States");
INSERT INTO City VALUES("Las Vegas", 641676, 136, False, False, "United States");
INSERT INTO City VALUES("Chicago", 2716000, 234, False, False, "United States");

#Currency data
INSERT INTO Currency VALUES("USD", "United States dollar");
INSERT INTO Currency VALUES("CAD", "Canadian dollar");
INSERT INTO Currency VALUES("EUR", "European euro");
INSERT INTO Currency VALUES("MAD", "Moroccan dirham");
INSERT INTO Currency VALUES("DKK", "Danish krone");
INSERT INTO Currency VALUES("HUF", "Hungarian forint");
INSERT INTO Currency VALUES("CZK", "Czech koruna");
INSERT INTO Currency VALUES("GBP", "Pound sterling");

#Language data
INSERT INTO Language VALUES("English", "EN");
INSERT INTO Language VALUES("French", "FR");
INSERT INTO Language VALUES("Italian", "IT");
INSERT INTO Language VALUES("Spanish", "ES");
INSERT INTO Language VALUES("Arabic", "AR");
INSERT INTO Language VALUES("Danish", "DA");
INSERT INTO Language VALUES("Hungarian", "HU");
INSERT INTO Language VALUES("Czech", "CS");
INSERT INTO Language VALUES("Deutsch (German)", "DE");
INSERT INTO Language VALUES("Gaelic (Irish)", "GA");
INSERT INTO Language VALUES("Catalan", "CA");
INSERT INTO Language VALUES("Greek", "EL");
INSERT INTO Language VALUES("Dutch", "NL");


